{"S-VA043PR BOLLING RD|0.13": [-77.39140172, 37.572686102], "S-VA043NP NUCKOLS RD|1.25": [-77.576783926, 37.667025607], "S-VA043PR THREE CHOPT RD|3.79": [-77.57471208, 37.6282022940001], "S-VA043PR POATES DR|0.11": [-77.4888963339999, 37.6303501190001], "S-VA043NP S AIRPORT DR|2.66": [-77.337759875, 37.506115918], "S-VA043PR SAVANNAH AVE|0.25": [-77.4201743529999, 37.5826633660001], "S-VA043NP HUNGARY RD|4.4": [-77.534102767, 37.6494712000001], "S-VA043NP TWIN HICKORY RD|0.0": [-77.603948256, 37.6733326660001], "S-VA043PR BASIE RD|0.08": [-77.516794763, 37.614999362], "S-VA043NP PUMP RD|1.94": [-77.6063652619999, 37.621986629], "S-VA043NP RIVER RD|3.98": [-77.6036254429999, 37.583508726], "S-VA043PR HUNGARY RD|2.1": [-77.494201808, 37.642245777], "S-VA043PR N PARHAM RD|0.98": [-77.569745961, 37.5838502020001], "S-VA043PR KOCH AVE|0.21": [-77.3742530869999, 37.5381010290001], "R-VA   US00360WB|143.23": [-77.4090220959999, 37.55778544], "S-VA043NP NUCKOLS RD|2.21": [-77.585617778, 37.6783225350001], "S-VA043PR DUMBARTON RD|0.72": [-77.467334713, 37.6038872400001], "S-VA043PR DISCOVERY DR|0.04": [-77.544169239, 37.60344231], "S-VA043NP E PARHAM RD|4.78": [-77.500194805, 37.6351454260001], "S-VA043PR TRAFTON ST|0.04": [-77.432087221, 37.5834562680001], "S-VA043NP GASKINS RD|2.74": [-77.5765618139999, 37.632049276], "S-VA043NP W LABURNUM AVE|0.0": [-77.432996106, 37.5850452450001], "S-VA043PR PLEASANT ST|0.6": [-77.344047549, 37.5421748310001], "S-VA043PR PONY FARM DR|0.61": [-77.424824943, 37.609287378], "S-VA043NP CREIGHTON RD|3.56": [-77.342571358, 37.573826422], "S-VA043PR LESLIE LN|0.42": [-77.488154144, 37.6447468050001], "S-VA043NP E PARHAM RD|0.93": [-77.438013236, 37.643131284], "S-VA043PR SPRINGCREST LN|0.32": [-77.377640535, 37.4896682950001], "S-VA043PR WATTS LN|1.02": [-77.3869130209999, 37.564451321], "S-VA043NP E PARHAM RD|0.0": [-77.4241601539999, 37.640182666], "S-VA043PR N PARHAM RD|0.13": [-77.575593236, 37.5727945260001], "S-VA043PR COOL LN|0.36": [-77.404720821, 37.5519319090001], "S-VA043PR EASTRIDGE RD|0.3": [-77.562897248, 37.601860511], "S-VA043PR S LABURNUM AVE|6.86": [-77.3857561409999, 37.4627538870001], "S-VA043PR PUMP RD|0.62": [-77.60666244, 37.603354091], "S-VA043PR N PARHAM RD|2.24": [-77.5641918169999, 37.599145913], "S-VA043NP N PARHAM RD|3.64": [-77.559793906, 37.6185268460001], "S-VA043PR MASONIC LN|0.25": [-77.3760845479999, 37.537136794], "S-VA043PR COLWYCK DR|0.33": [-77.366278719, 37.5427552410001], "S-VA043NP E PARHAM RD|6.65": [-77.532587284, 37.630857866], "S-VA043NP N PARHAM RD|2.95": [-77.564218091, 37.6092272230001], "S-VA043PR WISTAR VILLAGE DR|0.16": [-77.5119238729999, 37.6190902290001], "S-VA043PR THREE CHOPT RD|2.44": [-77.563426448, 37.611397766], "S-VA043PR WISTAR RD|1.31": [-77.522917584, 37.6203809990001], "S-VA043NP N PARHAM RD|2.42": [-77.564080358, 37.60167698], "S-VA043NP N PARHAM RD|1.82": [-77.566906898, 37.5934046410001], "S-VA043PR WEST END DR|0.12": [-77.545874951, 37.636888619], "S-VA043PR MOUNTAIN RD|0.59": [-77.4663959809999, 37.647257913], "S-VA043PR LAKESIDE AVE|1.66": [-77.466217382, 37.6211696350001], "S-VA043NP AZALEA AVE|1.37": [-77.443417257, 37.602378878], "S-VA043PR RENEE LN|0.11": [-77.3040018299999, 37.5449442300001], "S-VA043NP HUNGARY RD|3.33": [-77.516027067, 37.644879169], "S-VA043PR RICHMOND HENRICO TPKE|2.57": [-77.4083703159999, 37.6107358730001], "S-VA043PR STARLING DR|0.07": [-77.575283949, 37.595964597], "S-VA043PR DUMBARTON RD|1.47": [-77.4810344809999, 37.603689585], "S-VA043NP DORAN RD|0.47": [-77.32882849, 37.4603755640001], "S-VA043NP COX RD|1.13": [-77.583431294, 37.645779356], "S-VA043PR BETHLEHEM RD|0.38": [-77.4933783339999, 37.592662451], "S-VA043NP N LABURNUM AVE|2.04": [-77.381935845, 37.5712298440001], "S-VA043PR EASTRIDGE RD|0.44": [-77.560469314, 37.6027196920001], "S-VA043PR E LABURNUM AVE|0.49": [-77.42419516, 37.585596953], "S-VA043NP E LABURNUM AVE|2.43": [-77.3923760329999, 37.57618101], "S-VA043NP RIVER RD|3.01": [-77.5878031829999, 37.576074179], "S-VA043NP S LABURNUM AVE|0.17": [-77.3683980449999, 37.5418392020001], "S-VA043PR SEVEN HILLS BLVD|0.01": [-77.352829376, 37.4932154850001], "S-VA043PR HUNGARY RD|5.12": [-77.547404391, 37.649220379], "S-VA043NP HORSEPEN RD|1.48": [-77.525056782, 37.5951822700001], "S-VA043PR BETHLEHEM RD|1.2": [-77.5032237039999, 37.600960028], "S-VA043PR LAURANDREW CIR|0.01": [-77.496005845, 37.6468175370001], "S-VA043PR MEADOWGREEN RD|0.45": [-77.5579781169999, 37.645514554], "S-VA043PR HUNGARY SPRING RD|0.09": [-77.536710399, 37.6207009140001], "S-VA043PR RICHMOND HENRICO TPKE|1.53": [-77.4236365899999, 37.602507378], "S-VA043PR EUBANK RD|0.38": [-77.355425339, 37.512614064], "R-VA   SR00197EB|1.76": [-77.47456764, 37.5775295400001], "S-VA043NP HUNGARY SPRING RD|1.33": [-77.5192510749999, 37.6298798440001], "S-VA043NP E PARHAM RD|5.92": [-77.5194035, 37.6295806570001], "R-VA043SC07665SB|2.53": [-77.611512063, 37.631667054], "S-VA043NP THREE CHOPT RD|1.04": [-77.5460581569999, 37.5994096590001], "S-VA043PR SHRADER RD|0.43": [-77.52625761, 37.625442418], "S-VA043PR HERMITAGE RD|2.41": [-77.495790493, 37.626379995], "S-VA043PR WILKINSON RD|2.73": [-77.447899966, 37.6296955290001], "S-VA043PR MONAHAN RD|0.33": [-77.3349513799999, 37.4907680850001], "S-VA043NP RIDGEFIELD PKWY|0.62": [-77.594548323, 37.6247454800001], "S-VA043NP S LABURNUM AVE|2.22": [-77.3497401669999, 37.5166084040001], "S-VA043PR N PARHAM RD|4.21": [-77.552605145, 37.6247529170001], "S-VA043NP WOODMAN RD|1.25": [-77.486213417, 37.635475156], "S-VA043PR HUNGARY RD|4.82": [-77.5417029719999, 37.6493693680001], "S-VA043PR ADAMS RD|0.02": [-77.3969223249999, 37.578251589], "S-VA043NP W WASHINGTON ST|0.41": [-77.3266500779999, 37.553971619], "S-VA043PR E LABURNUM AVE|1.02": [-77.414720632, 37.5851274230001], "S-VA043NP E LABURNUM AVE|2.29": [-77.3945947139999, 37.577045469], "S-VA043NP GAYTON RD|4.7": [-77.638319081, 37.6228008460001], "S-VA043PR PEGASI RD|0.05": [-77.358136922, 37.525352551], "S-VA043PR LAKESIDE AVE|1.97": [-77.461038832, 37.6221773670001], "S-VA043NP E PARHAM RD|1.34": [-77.4442267219999, 37.6402169720001], "S-VA043PR LAKESIDE AVE|2.07": [-77.459162631, 37.6224262490001], "S-VA043PR STRATH RD|0.46": [-77.3492556369999, 37.470106947], "S-VA043PR SKIPWITH RD|1.64": [-77.537939626, 37.6174706780001], "S-VA043PR THREE CHOPT RD|0.24": [-77.532976747, 37.5949160220001]}